Driver,Conductor,Analysis
1,1,"Represents an intensely powerful, independent, and ambitious personality, characterized by strong leadership, creativity, and a pioneering spirit. Challenges: Potential for extreme stubbornness, selfishness, or ego-driven decisions and Ups and Down in Career."
1,2,"This combination indicates a natural leader who is also empathetic, cooperative, and nurturing, making them effective in both command and behind-the-scenes roles. Solution come with struggle."
1,3,"A powerful, highly intellectual, and successful pairing, often described as a blend of leadership and wisdom. These individuals are natural mentors, authoritative, and ambitious, often achieving high, respected positions in society. Sharp Mind, They know value of time."
1,4,"This creates a powerful, ambitious, and highly disciplined individual designed to build lasting structures or empires. Diplomatic mindset but struggle can come due to their own work."
1,5,"This  is a powerful, highly compatible blend of leadership and intellect, favoring quick thinking, innovation, and success.  This combination often brings great fame, luck, and financial prosperity. "
1,6,"These individuals are typically creative, charming, and family-oriented, with a high capacity to attract wealth, comfort, and success in fields like media, arts, and hospitality. Better to maintain good relationship with oposite gender."
1,7," These individuals are often seen as intuitive, wise, and research-oriented, acting as a deep, analytical, or mystical approach to life. May have relationship issue in life."
1,8,"It brings strong ambition, authority, and willpower, but requires discipline to overcome initial struggles, often resulting in material wealth and a lasting legacy. Control your ego and behaviour."
1,9,"It blends leadership, ambition, and independence  with humanitarianism, compassion, and discipline , driving individuals toward significant success according to the age. And better to maintain good relationship with oposite gender."
2,1,"This brings creativity, empathy, and emotional intelligence, and provides initiative, ambition, and confidence. This mix suggests a life path designed to lead with compassion and nurture success. Control your emotion and health and follow decipline."
2,2,"An individual deeply driven by emotion, intuition,sensitivity, and anxity. often succeeding in careers involving counseling, writing, or hospitality, but may struggle with indecisiveness, over-sensitivity, and multitasking. And take care your health."
2,3,"Though not naturally harmonic, this pairing excels in intellectual, creative, and spiritual fields, often pursuing careers in education, counseling, or research. They are thoughtful in relationships but may overanalyze, leading to potential misunderstandings. "
2,4,"The softness is often tested by the intense, sometimes disruptive energy of the Rahu, creating a life characterized by balancing emotions with practical, often unconventional, realities. Maintain good relationship with everyone and take financial decession carefully."
2,5,"This individual is often seen as dynamic and effective, combining intuition with rationality. While some interpretations suggest this mix requires care due to contrasting natures, the overall blend favors quick thinking and adaptability. Name and Fame in society."
2,6,"This represents a nurturing, artistic, and emotionally driven personality focused on family, harmony, and luxury."
2,7,"This represents a blend of emotional sensitivity  and analytical, introspective depth . They are often lucky for each other but may face emotional volatility and need to develop consistency. "
2,8,"The individual is a diplomatic, intuitive leader who balances, or struggles to balance, personal relationships with professional success. It represents a journey of learning to manage emotions while pursuing long-term, karmic, or financial achievements. Health issue, struggle and disrespect can come."
2,9,"The individual can have Health and Relationship issue. And represents a mix of the emotional, intuitive  with the active, impulsive energy . Individuals may be passionate and creative but struggle with a fiery, unpredictable temper"
3,1,"The individual can have Name and Fame in society and helpful in nature. . These individuals are intelligent, knowledgeable, and can be quite selective, often only sharing their wisdom with those they deem worthy. "
3,2,"Individuals with this combination are often emotional, caring, and artistic. They are natural nurturers who value harmony in relationships.Their strength lies in intuition and creativity. However, they can be prone to emotional instability and overthinking, needing to balance feelings with logic."
3,3," These individuals are sincere, communicative, and self-motivated, often excelling in banking, finance, or creative arts, though they should guard against over-optimism and negativity. They carry previous life knowledge and have good intution power."
3,4,"This considered to have an unfriendly relationship according to some interpretations, they can create a powerful balance of innovative ideas and hard work, driving success in professional endeavors. And  may cause internal tension or unconventional paths to success, requiring discipline to balance visionary ideas with practical limitations."
3,5,"This combination represents a highly harmonious, intelligent and good communication skill.  there might be a tendency to start many things but struggle with long-term focus, requiring conscious effort to maintain discipline. And sometimes they are rude in nature."
3,6,"This creates a powerful, creative, and fortunate life path. But they have health and relationship issue."
3,7,"This signifies a powerful, knowledgeable, and intuitive personality, often ideal for administrative, and advisory roles.it is crucial to remain focused on one goal rather than multitasking, which can reduce their effectiveness."
3,8,"This combination signifies a powerful, success-oriented partnership blending creativity with discipline. Struggle in life and relationship issue, but they can become good mentor."
3,9,"This combination creates a bold, authoritative, and ambitious personality, blending wisdom with action. This powerful pair is excellent for leadership but requires discipline to manage intense energy and potential anger."
4,1,They have name and fame in society. Sharp minded persoon and self centric. They are political minded person. Overconfidence and tendency to overlook details can be major drawbacks. They may struggle with impatience and the need to control situations. 
4,2,"This combination can clash, causing mental restlessness, overthinking, or mood swings. Some interpretations suggest this combination may require emotional resilience and can lead to depressive tendencies if not managed properly. Sleeping disorder can have."
4,3,"This individual is analytical, hardworking, and socially influential, acting as reformers or knowledgeable guides. They can be highly aggressive person and may struggle in study. They do not want to stay at home. Addiction can come."
4,4,"This combination often brings significant struggles, challenges, and delayed success, requiring discipline, focus, and avoidance of unnecessary risks to build lasting stability.  Two kinds of mindset are running."
4,5,"This making them good at business, networking, and attracting opportunities, though overthinking can cause stress. They can use others for their own benefit."
4,6,"This represents a blend of unconventional, analytical energy with artistic, luxury-oriented, and nurturing traits. They can have relationship issue due to aggressiveness."
4,7,"This signifies a highly intuitive, aggressive, and research-oriented , highly energetic personality. Delayed success, inner conflict, and looking aloof or detached. They requires patience, perseverance, and focus to achieve, as success may come later in life."
4,8,"This individual demands discipline and resilience to overcome delays and achieve stability, often leading to roles involving authority, strategy, or high-level management. They can be multitasking and can have relationship issue."
4,9,"Both are opposite of each other, highly energatic. Relationship issue in life and rude in nature. Uncurable desease can have for them. And highly addiction."
5,1,"This combination suggests a family-oriented, diplomatic, and communicative person with good networking ability, social respect, and potential for growth and fame."
5,2,"This pair often indicates a good communicator with intuition and soft power, but may bring health, personal, or professional stress and the need for emotional balance."
5,3,"This can create personal-life struggles, yet also supports creativity, intuition, good judgment, healing ability, and success in advisory or caring professions."
5,4,"This may bring inner struggle, relationship challenges, and conflict driven by beliefs or opinions, though it can still support progress in professional life."
5,5,"This combination supports growth, balance, communication, and adaptability, but both may become lazy or inconsistent without discipline."
5,6,"This is generally a strong combination for success, communication, attraction, and progress, though results may come with delay and require hard work."
5,7,"This can be a mixed combination: highly intelligent, observant, and spiritual, with potential in teaching, counseling, or guidance, but may also feel emotionally unsupported."
5,8,"This indicates a responsible, hardworking person who can achieve success through routine and discipline, though delays and relationship issues may arise."
5,9,"This combination favors teaching, sports, and leadership, but advises careful personal decisions, fewer arguments, and better relationship management."
6,1,"This creates a luxury-loving, family-oriented, and diplomatic personality, often bringing success, comfort, and growth through relationships and social image."
6,2,"This suggests a highly attractive, soft-spoken, and sharp-minded person, though laziness, moodiness, or show-off tendencies may also appear."
6,3,"This may bring conflict, relationship strain, health concerns, and instability, yet also gives skill, depth, and eventual growth through effort."
6,4,"This indicates a diplomatic and practical person who can go far for work, but may face relationship problems, money fluctuations, and issues around luxury or comfort."
6,5,"This favors family life, communication, networking, and social respect, with strong potential for name and fame."
6,6,"This is a communicative and refined combination that can support growth, luxury, and social visibility, but may also bring overthinking, good behaviour with opposite gender, and laziness."
6,7,"This can be a highly talkative, educational, or sports-oriented combination, often attracting the opposite gender; multiple relationships or dissatisfaction may create complications."
6,8,"This signifies a hardworking and disciplined person, but life may move slowly and laziness or delays can still create problems."
6,9,"This may create an angry, orthodox, and intense personality with relationship issues, scandal risk, or financial loss if emotions are not controlled."
7,1,"This combination is changeable and ambitious. With support, confidence, and skill, the person can rise high and do well in public or modeling-related fields."
7,2,"This may bring instability, emotional pressure, health or mental stress, and a feeling of lacking support, so do not create expectation"
7,3,"This is a good combination for improving skills, speaking thoughtfully, and doing well in teaching, guidance, medicine, or advisory roles."
7,4,"This may be both good and difficult: argumentative and hard to satisfy, yet capable of success if the person changes habits and stays disciplined."
7,5,"This combination supports skill development and growth, but may also bring low energy, laziness, or addictive tendencies despite the chance of reaching a high position."
7,6,"This is generally a good combination for name, fame, mentoring, and recognition, though addictions or food habits should be controlled."
7,7,"This is not considered an easy combination and may bring relationship issues, multiple emotional attachments, and anxiety about the future."
7,8,"This shows a very hardworking person who can succeed through discipline, but Saturn-like delays may bring struggle before mastery and success arrive."
7,9,"This advises taking personal decisions carefully. It can support teaching, sports, and spiritual growth, but relationships need patience and fewer arguments.Be careful from sharp items."
8,1,"This may bring disappointment and lack of family support, but discipline, honesty, routine, and small steady goals can lead to success."
8,2,"This combination can indicate health concerns, mental stress, and personal or professional challenges, along with mood swings or emotional heaviness."
8,3,"This may bring personal-life issues, but also strong imagination, creativity, judgment, and the ability to become a capable healer, teacher, or doctor-like figure."
8,4,"This can bring struggle through one's own beliefs or stubbornness and may create relationship problems, though it can still support progress in professional life."
8,5,"This combination can give growth and balance through communication and adaptability, but both sides may become lazy or lose focus."
8,6,"This is generally a good combination, but success may come late and demands patience and hard work."
8,7,"This can be either very good or difficult: it may produce highly supportiveor rude, knowledgeable, or healing qualities, but outcomes depend heavily on balance and maturity, capable for teacher,astrologer or doctor."
8,8,"This shows a strong working personality with high-level relationship lessons. Routine, physical activity, and emotional sensitivity are important."
8,9,"This indicates high energy and eventual success, but personal relationship issues and possible medical or surgical concerns may also arise."
9,1,"This is a highly energetic and forceful combination. If directed positively, it can bring name, fame, and growth; if not, it may lead to downfall or relationship troubles."
9,2,"This may bring health issues, emotional or relationship problems, and mental restlessness, despite physical attractiveness or charm."
9,3,"This is a good combination for teaching, helping others, strong energy, and persuasive communication, though ego can sometimes interfere."
9,4,"This is not considered an easy combination. One side may follow rules while the other resists, creating struggle, blame, or inconsistency."
9,5,"This indicates physical strength, strong communication ability, and a naturally smart or clever personality."
9,6,This combination appears incomplete in the source notes; only the remedy/reference to Lakshmi-Narayan worship was clearly readable.
9,7,"This can create mastery in a chosen field and strong professional energy, though personal-life problems may continue in the background."
9,8,"This suggests a high-energy, very choosy person with high expectations. They should avoid excesses and impulsive habits and may seem emotionally detached."
9,9,"This is a highly intense and spiritual combination that may bring multiple relationships, strong beliefs, and extreme energy; discipline and healthy habits are important."
